-- Include your INSERT SQL statements in this file.
-- Make sure to terminate each statement with a semicolon (;)

-- LEAVE this statement on. It is required to connect to your database.
-- CONNECT TO cs421;

-- Remember to put the INSERT statements for the tables with foreign key references
--    ONLY AFTER the parent tables!

-- This is only an example of how you add INSERT statements to this file.
--   You may remove it.
INSERT INTO Person (pid, fname, lname, DOB) VALUES
                                                 (0, 'Christine', 'Sinclair', '1964-03-24'),
                                                 (1, 'David', 'Beckham', '2030-12-15'),
                                                 (2, 'Marta', 'Silva', '1941-04-15'),
                                                 (3, 'Pep', 'Guardiola', '1942-03-21'),
                                                 (4, 'Lionel', 'Messi', '2026-01-22'),
                                                 (5, 'Cristiano', 'Ronaldo', '2005-05-22'),
                                                 (6, 'Megan', 'Rapinoe', '1981-01-27'),
                                                 (7, 'Jurgen', 'Klopp', '1969-05-10'),
                                                 (8, 'Hope', 'Solo', '1983-12-29'),
                                                 (9, 'Zinedine', 'Zidane', '1996-02-04'),
                                                 (10, 'Abby', 'Wambach', '1955-01-06'),
                                                 (11, 'Thierry', 'Henry', '2015-02-02'),
                                                 (12, 'Rapheal', 'Varane', '1982-02-07'),
                                                 (13, 'Carli', 'Lloyd', '1952-08-26'),
                                                 (14, 'Diego', 'Maradona', '1995-01-02'),
                                                 (15, 'Gareth', 'Bale', '1989-05-12'),
                                                 (16, 'Alex', 'Morgan', '1946-08-23'),
                                                 (17, 'Zlatan', 'Ibrahimovic', '2025-08-21'),
                                                 (18, 'Ole', 'Solskjaer', '1945-07-05'),
                                                 (19, 'Neymar', 'Neymar', '1950-06-16'),
                                                 (20, 'Jill', 'Ellis', '1953-06-11'),
                                                 (21, 'Lucy', 'Bronze', '1942-10-08'),
                                                 (22, 'Johan', 'Cruyff', '1983-03-07'),
                                                 (23, 'Phil', 'Neville', '1982-10-10'),
                                                 (24, 'Tobin', 'Heath', '2016-09-09'),
                                                 (25, 'Pernille', 'Harder', '2015-12-07'),
                                                 (26, 'Mia', 'Hamm', '1946-11-02'),
                                                 (27, 'Wayne', 'Rooney', '1973-07-05'),
                                                 (28, 'Rene', 'Higuita', '1968-02-12'),
                                                 (29, 'Leah', 'Williamson', '1988-07-25'),
                                                 (30, 'Didier', 'Drogba', '1950-05-28'),
                                                 (31, 'Caitlin', 'Foord', '2022-06-26'),
                                                 (32, 'Tony', 'Adams', '2017-05-06'),
                                                 (33, 'Anson', 'Dorrance', '1965-08-08'),
                                                 (34, 'Ronaldinho', 'Ronaldinho', '2004-07-14'),
                                                 (35, 'Lotta', 'Schelin', '2017-11-29'),
                                                 (36, 'Jorge', 'Campos', '1955-05-23'),
                                                 (37, 'Cheryl', 'Salisbury', '2021-11-09'),
                                                 (38, 'Pia', 'Sundhage', '1962-12-28'),
                                                 (39, 'Fredrik', 'Ljungberg', '1982-06-02'),
                                                 (40, 'Wendie', 'Renard', '2014-01-28'),
                                                 (41, 'Vivianne', 'Miedema', '1989-08-25'),
                                                 (42, 'Megan', 'Klingenberg', '1988-04-28'),
                                                 (43, 'Fabio', 'Capello', '2019-05-23'),
                                                 (44, 'Ji', 'So-yun', '1984-10-25'),
                                                 (45, 'Petr', 'Cech', '1960-09-29'),
                                                 (46, 'Sari', 'Veenendaal', '1974-03-20'),
                                                 (47, 'Andrea', 'Pirlo', '2021-03-11'),
                                                 (48, 'Maren', 'Mjelde', '1983-11-17'),
                                                 (49, 'Roberto', 'Carlos', '2012-11-29'),
                                                 (50, 'Candace', 'Chapman', '1952-08-18'),
                                                 (51, 'Maradona', 'Maradona', '2021-04-10'),
                                                 (52, 'Dorothy', 'Alford', '2027-11-23'),
                                                 (53, 'Thomas', 'Tuchel', '1989-02-22'),
                                                 (54, 'Amandine', 'Henry', '2024-01-17'),
                                                 (55, 'Tobias', 'Linderoth', '1940-03-25'),
                                                 (56, 'Nilla', 'Fischer', '1975-07-07'),
                                                 (57, 'Mia', 'Hamm', '1983-07-12'),
                                                 (58, 'Jill', 'Scott', '1961-02-07'),
                                                 (59, 'Rudi', 'Voller', '1971-02-03'),
                                                 (60, 'Jill', 'Roord', '1979-04-27'),
                                                 (61, 'Paul', 'Pogba', '1972-03-16'),
                                                 (62, 'Pernille', 'Harder', '1995-02-24'),
                                                 (63, 'Tony', 'Meola', '1969-04-27'),
                                                 (64, 'Karen', 'Carney', '1972-09-27'),
                                                 (65, 'Xavi', 'Xavi', '1946-08-10'),
                                                 (66, 'Stephanie', 'Labbe', '2013-07-19'),
                                                 (67, 'Eric', 'Cantona', '2018-12-09'),
                                                 (68, 'Sara', 'Gunnarsdottir', '2022-11-18'),
                                                 (69, 'Gary', 'Lineker', '1981-07-24'),
                                                 (70, 'Fran', 'Kirby', '2022-03-09'),
                                                 (71, 'Gianluigi', 'Buffon', '2005-10-05'),
                                                 (72, 'Maggie', 'Beer', '1973-08-24'),
                                                 (73, 'Franz', 'Beckenbauer', '1963-11-03'),
                                                 (74, 'Linda', 'Medalen', '1993-08-04'),
                                                 (75, 'Andriy', 'Shevchenko', '2012-09-20'),
                                                 (76, 'Dzsenifer', 'Marozsan', '2005-02-11'),
                                                 (77, 'Mark', 'Viduka', '2011-10-02'),
                                                 (78, 'Ada', 'Hegerberg', '1991-11-14'),
                                                 (79, 'Claudio', 'Ranieri', '1997-07-29'),
                                                 (80, 'Vicky', 'Losada', '1998-09-27'),
                                                 (81, 'Rene', 'Meulensteen', '1988-12-04'),
                                                 (82, 'Elisabeth', 'Leidinge', '2029-08-24'),
                                                 (83, 'Gary', 'Neville', '1948-10-07'),
                                                 (84, 'Andrine', 'Hegerberg', '2002-11-01'),
                                                 (85, 'Oscar', 'Tabarez', '2004-10-21'),
                                                 (86, 'Anna', 'Signeul', '1945-08-22'),
                                                 (87, 'Jorge', 'Sampaoli', '1968-06-16'),
                                                 (88, 'Carin', 'Jennings-Gabarra', '1955-12-22'),
                                                 (89, 'Antonio', 'Conte', '2003-12-28'),
                                                 (90, 'Silvia', 'Neid', '1945-10-23'),
                                                 (91, 'Fridolina', 'Rolfo', '1987-01-19'),
                                                 (92, 'Carlos', 'Bilardo', '2015-12-01'),
                                                 (93, 'Megan', 'Campbell', '2007-08-28'),
                                                 (94, 'Erik', 'Hamren', '1964-11-17'),
                                                 (95, 'Ernie', 'Merrick', '2000-07-03'),
                                                 (96, 'Anna', 'Senneby', '1966-12-20'),
                                                 (97, 'Emma', 'Hayes', '1960-10-05'),
                                                 (98, 'Elisabeth', 'Gunnarsdottir', '1990-06-20')
;
INSERT INTO Audience (pid, email) VALUES
                                      (51, 'MaradonaMaradona@gmail.com'),
                                      (4, 'LionelMessi@gmail.com'),
                                      (90, 'SilviaNeid@outlook.com'),
                                      (80, 'VickyLosada@gmail.com'),
                                      (10, 'AbbyWambach@yahoo.com'),
                                      (45, 'PetrCech@hotmail.com'),
                                      (58, 'JillScott@yahoo.com'),
                                      (14, 'DiegoMaradona@yahoo.com'),
                                      (43, 'FabioCapello@hotmail.com'),
                                      (11, 'ThierryHenry@hotmail.com'),
                                      (88, 'CarinJennings-Gabarra@yahoo.com'),
                                      (46, 'SariVeenendaal@hotmail.com'),
                                      (32, 'TonyAdams@qq.com'),
                                      (20, 'JillEllis@hotmail.com'),
                                      (87, 'JorgeSampaoli@outlook.com'),
                                      (1, 'DavidBeckham@qq.com'),
                                      (37, 'CherylSalisbury@gmail.com'),
                                      (19, 'NeymarNeymar@qq.com'),
                                      (57, 'MiaHamm@hotmail.com'),
                                      (42, 'MeganKlingenberg@hotmail.com'),
                                      (74, 'LindaMedalen@qq.com'),
                                      (21, 'LucyBronze@gmail.com'),
                                      (49, 'RobertoCarlos@hotmail.com'),
                                      (40, 'WendieRenard@qq.com'),
                                      (15, 'GarethBale@qq.com'),
                                      (16, 'AlexMorgan@outlook.com'),
                                      (64, 'KarenCarney@yahoo.com'),
                                      (29, 'LeahWilliamson@gmail.com'),
                                      (98, 'ElisabethGunnarsdottir@outlook.com'),
                                      (25, 'PernilleHarder@qq.com'),
                                      (8, 'HopeSolo@outlook.com'),
                                      (28, 'ReneHiguita@yahoo.com'),
                                      (33, 'AnsonDorrance@yahoo.com'),
                                      (95, 'ErnieMerrick@outlook.com'),
                                      (31, 'CaitlinFoord@yahoo.com'),
                                      (2, 'MartaSilva@qq.com'),
                                      (92, 'CarlosBilardo@qq.com'),
                                      (39, 'FredrikLjungberg@yahoo.com'),
                                      (38, 'PiaSundhage@gmail.com'),
                                      (63, 'TonyMeola@hotmail.com'),
                                      (34, 'RonaldinhoRonaldinho@qq.com'),
                                      (22, 'JohanCruyff@gmail.com'),
                                      (18, 'OleSolskjaer@qq.com'),
                                      (36, 'JorgeCampos@yahoo.com'),
                                      (62, 'PernilleHarder@gmail.com'),
                                      (59, 'RudiVoller@gmail.com'),
                                      (91, 'FridolinaRolfo@outlook.com'),
                                      (23, 'PhilNeville@qq.com'),
                                      (0, 'ChristineSinclair@hotmail.com'),
                                      (71, 'GianluigiBuffon@hotmail.com')
;
INSERT INTO Referee (pid, country, YOE) VALUES
                                            (86, 'Argentina', 8),
                                            (96, 'Brazil', 30),
                                            (1, 'England', 23),
                                            (57, 'France', 25),
                                            (15, 'Germany', 15),
                                            (2, 'Italy', 29),
                                            (40, 'Netherlands', 1),
                                            (24, 'Spain', 10),
                                            (81, 'Portugal', 11),
                                            (50, 'Mexico', 29)
;
INSERT INTO Coach (pid, role) VALUES
                                  (26, 'Fitness Coach'),
                                  (5, 'Youth Coach'),
                                  (45, 'Youth Coach'),
                                  (8, 'Fitness Coach'),
                                  (4, 'Director of Football'),
                                  (84, 'Goalkeeping Coach'),
                                  (17, 'Goalkeeping Coach'),
                                  (22, 'Youth Coach'),
                                  (58, 'Scout'),
                                  (49, 'Tactical Coach'),
                                  (75, 'Youth Coach'),
                                  (87, 'Tactical Coach'),
                                  (78, 'Tactical Coach'),
                                  (18, 'Scout'),
                                  (31, 'Youth Coach')
;
INSERT INTO Player (pid, shirtNum, genPos) VALUES
                                               (35, 24, 'Defensive Midfielder'),
                                               (37, 4, 'Sweeper'),
                                               (29, 21, 'Centre-back'),
                                               (30, 10, 'Attacking Midfielder'),
                                               (98, 6, 'Centre-back'),
                                               (93, 10, 'Defensive Midfielder'),
                                               (56, 8, 'Central Midfielder'),
                                               (51, 6, 'Attacking Midfielder'),
                                               (32, 19, 'Defensive Midfielder'),
                                               (68, 18, 'Goalkeeper'),
                                               (89, 13, 'Defensive Midfielder'),
                                               (11, 7, 'Full-back'),
                                               (43, 3, 'Full-back'),
                                               (61, 11, 'Centre-back'),
                                               (92, 16, 'Striker'),
                                               (54, 11, 'Striker'),
                                               (38, 10, 'Winger'),
                                               (76, 20, 'Forward'),
                                               (13, 2, 'Defensive Midfielder'),
                                               (46, 8, 'Centre-back'),
                                               (25, 15, 'Centre-back'),
                                               (16, 22, 'Goalkeeper'),
                                               (3, 21, 'Goalkeeper'),
                                               (63, 21, 'Goalkeeper'),
                                               (59, 9, 'Sweeper'),
                                               (79, 14, 'Goalkeeper'),
                                               (44, 20, 'Winger'),
                                               (60, 9, 'Defensive Midfielder'),
                                               (91, 11, 'Central Midfielder'),
                                               (28, 2, 'Winger'),
                                               (72, 14, 'Goalkeeper'),
                                               (14, 13, 'Centre-back'),
                                               (70, 15, 'Sweeper'),
                                               (88, 17, 'Full-back'),
                                               (85, 11, 'Attacking Midfielder'),
                                               (53, 17, 'Defensive Midfielder'),
                                               (94, 24, 'Centre-back'),
                                               (64, 12, 'Full-back'),
                                               (9, 2, 'Goalkeeper'),
                                               (97, 11, 'Full-back'),
                                               (7, 24, 'Central Midfielder'),
                                               (21, 3, 'Defensive Midfielder'),
                                               (80, 12, 'Goalkeeper'),
                                               (41, 23, 'Central Midfielder'),
                                               (73, 13, 'Defensive Midfielder'),
                                               (27, 7, 'Full-back'),
                                               (52, 18, 'Defensive Midfielder'),
                                               (95, 7, 'Striker'),
                                               (55, 15, 'Defensive Midfielder'),
                                               (82, 7, 'Goalkeeper'),
					       (0,7,'Striker')
;
INSERT INTO Stadium (name, location, maxCapacity) VALUES
                                                      ('Old Trafford', 'Manchester, England', 2616),
                                                      ('Camp Nou', 'Barcelona, Spain', 3727),
                                                      ('Santiago Bernabeu', 'Madrid, Spain', 2261),
                                                      ('San Siro', 'Milan, Italy', 1829),
                                                      ('Allianz Arena', 'Munich, Germany', 123),
                                                      ('Signal Iduna Park', 'Dortmund, Germany', 884),
                                                      ('Anfield', 'Liverpool, England', 7584),
                                                      ('Etihad Stadium', 'Manchester, England', 4970),
                                                      ('Stamford Bridge', 'London, England', 3265),
                                                      ('Emirates Stadium', 'London, England', 5090)
;
INSERT INTO Team (country, officialName, URL, "group", groupPoints) VALUES
                                                                        ('Argentina', 'Argentine Football Association', 'www.Argentina.com', 'D', 2),
                                                                        ('Brazil', 'Brazilian Football Confederation', 'www.Brazil.com', 'F', 0),
                                                                        ('England', 'The Football Association', 'www.England.com', 'E', 0),
                                                                        ('France', 'French Football Federation', 'www.France.com', 'H', 5),
                                                                        ('Germany', 'German Football Association', 'www.Germany.com', 'F', 0),
                                                                        ('Italy', 'Italian Football Federation', 'www.Italy.com', 'D', 0),
                                                                        ('Netherlands', 'Royal Dutch Football Association', 'www.Netherlands.com', 'B', 2),
                                                                        ('Spain', 'Royal Spanish Football Federation', 'www.Spain.com', 'E', 5),
                                                                        ('Portugal', 'Portuguese Football Federation', 'www.Portugal.com', 'E', 4),
                                                                        ('Mexico', 'Mexican Football Federation', 'www.Mexico.com', 'H', 0),
                                                                        ('United States', 'United States Soccer Federation', 'www.United States.com', 'A', 0),
                                                                        ('Japan', 'Japan Football Association', 'www.Japan.com', 'E', 4)
;
INSERT INTO Match (mid,LOM, startTime, date, stadium, team1, team2, round) VALUES
                                                                        (0, 92, '17:17:00', '2024-08-20', 'Anfield', 'Netherlands', 'Argentina', 'round-of-16'),
                                                                        (1, 99, '12:13:00', '2024-10-05', 'Anfield', 'Italy', 'Japan', 'group-round'),
                                                                        (2, 100, '09:48:00', '2024-11-17', 'Santiago Bernabeu', 'Brazil', 'Mexico', 'group-round'),
                                                                        (3, 96, '17:46:00', '2024-08-15', 'Emirates Stadium', 'Argentina', 'Italy', 'round-of-16'),
                                                                        (4, 98, '01:29:00', '2024-02-29', 'Allianz Arena', 'Japan', 'Spain', 'quarterfinals'),
                                                                        (5, 100, '09:33:00', '2024-12-14', 'Allianz Arena', 'Spain', 'Italy', 'quarterfinals'),
                                                                        (6, 98, '03:31:00', '2024-09-12', 'Signal Iduna Park', 'Japan', 'France', 'group-round'),
                                                                        (7, 97, '10:43:00', '2024-07-07', 'Camp Nou', 'Spain', 'Netherlands', 'quarterfinals'),
                                                                        (8, 95, '01:01:00', '2024-07-01', 'San Siro', 'Mexico', 'Argentina', 'group-round'),
                                                                        (9, 93, '10:56:00', '2024-12-12', 'Santiago Bernabeu', 'Argentina', 'Mexico', 'quarterfinals'),
                                                                        (10, 98, '17:14:00', '2024-10-17', 'Old Trafford', 'Portugal', 'Argentina', 'group-round'),
                                                                        (11, 100, '00:44:00', '2024-04-04', 'Old Trafford', 'Mexico', 'Portugal', 'quarterfinals'),
                                                                        (12, 95, '19:24:00', '2024-11-03', 'Anfield', 'Argentina', 'France', 'finals'),
                                                                        (13, 97, '06:40:00', '2024-08-25', 'Etihad Stadium', 'Brazil', 'Portugal', 'quarterfinals'),
                                                                        (14, 98, '19:21:00', '2024-05-09', 'Santiago Bernabeu', 'Italy', 'Mexico', 'round-of-16'),
                                                                        (15, 92, '13:12:00', '2024-04-03', 'Emirates Stadium', 'Netherlands', 'Spain', 'round-of-16'),
                                                                        (17, 95, '10:20:00', '2024-08-19', 'San Siro', 'United States', 'Italy', 'finals'),
                                                                        (18, 93, '20:08:00', '2024-01-25', 'Stamford Bridge', 'England', 'France', 'quarterfinals'),
                                                                        (19, 93, '16:31:00', '2024-02-16', 'Santiago Bernabeu', 'Mexico', 'Netherlands', 'quarterfinals'),
                                                                        (20, 98, '05:30:00', '2024-10-16', 'San Siro', 'Netherlands', 'France', 'round-of-16'),
                                                                        (21, 93, '10:12:00', '2024-04-01', 'Santiago Bernabeu', 'Japan', 'Spain', 'finals'),
                                                                        (22, 97, '02:55:00', '2024-05-14', 'Camp Nou', 'Argentina', 'Brazil', 'round-of-16'),
                                                                        (23, 91, '08:57:00', '2024-04-29', 'San Siro', 'Spain', 'Germany', 'finals'),
                                                                        (24, 99, '02:07:00', '2024-07-07', 'Old Trafford', 'France', 'Mexico', 'quarterfinals'),
                                                                        (25, 91, '07:46:00', '2024-10-26', 'Stamford Bridge', 'Portugal', 'United States', 'quarterfinals'),
                                                                        (26, 97, '04:00:00', '2024-05-14', 'Emirates Stadium', 'Argentina', 'England', 'group-round'),
                                                                        (27, 98, '19:20:00', '2024-05-12', 'San Siro', 'Germany', 'Brazil', 'finals'),
                                                                        (28, 98, '00:20:00', '2024-12-03', 'Santiago Bernabeu', 'Brazil', 'France', 'group-round'),
                                                                        (29, 95, '07:47:00', '2024-06-23', 'Old Trafford', 'Mexico', 'France', 'finals'),
                                                                        (31, 96, '08:40:00', '2024-02-07', 'Etihad Stadium', 'Brazil', 'Portugal', 'round-of-16'),
                                                                        (32, 98, '07:40:00', '2024-02-19', 'Anfield', 'Japan', 'Mexico', 'finals'),
                                                                        (34, 94, '15:59:00', '2024-12-13', 'Old Trafford', 'Japan', 'France', 'finals'),
                                                                        (35, 93, '02:47:00', '2024-01-18', 'Allianz Arena', 'Italy', 'Portugal', 'quarterfinals'),
                                                                        (36, 91, '14:23:00', '2024-08-28', 'San Siro', 'England', 'Argentina', 'finals'),
                                                                        (37, 97, '00:14:00', '2024-11-26', 'Old Trafford', 'Portugal', 'Argentina', 'round-of-16'),
                                                                        (38, 93, '11:58:00', '2024-12-20', 'Etihad Stadium', 'Netherlands', 'Mexico', 'group-round'),
                                                                        (39, 99, '16:36:00', '2024-07-07', 'Stamford Bridge', 'France', 'Italy', 'finals'),
                                                                        (41, 99, '05:52:00', '2024-06-14', 'San Siro', 'France', 'Spain', 'quarterfinals'),
                                                                        (42, 100, '18:11:00', '2024-03-20', 'Old Trafford', 'Italy', 'Germany', 'finals'),
                                                                        (43, 93, '16:45:00', '2024-09-20', 'Santiago Bernabeu', 'Spain', 'Mexico', 'group-round'),
                                                                        (44, 94, '05:28:00', '2024-12-27', 'Old Trafford', 'Mexico', 'England', 'group-round'),
                                                                        (45, 95, '07:48:00', '2024-10-29', 'Camp Nou', 'Mexico', 'England', 'finals'),
                                                                        (46, 99, '08:54:00', '2024-11-07', 'Emirates Stadium', 'England', 'Brazil', 'round-of-16'),
                                                                        (47, 93, '14:57:00', '2024-06-09', 'San Siro', 'France', 'Germany', 'finals')
;
INSERT INTO PlayerTeam (pid, team) VALUES
                                       (35, 'Portugal'),
                                       (37, 'United States'),
                                       (29, 'Italy'),
                                       (30, 'Germany'),
                                       (98, 'Mexico'),
                                       (93, 'United States'),
                                       (56, 'Germany'),
                                       (51, 'Netherlands'),
                                       (32, 'Portugal'),
                                       (68, 'Brazil'),
                                       (89, 'United States'),
                                       (11, 'Spain'),
                                       (43, 'Argentina'),
                                       (61, 'Brazil'),
                                       (92, 'Brazil'),
                                       (54, 'Brazil'),
                                       (38, 'Japan'),
                                       (76, 'United States'),
                                       (13, 'Argentina'),
                                       (46, 'Portugal'),
                                       (25, 'Portugal'),
                                       (16, 'Argentina'),
                                       (3, 'Japan'),
                                       (63, 'England'),
                                       (59, 'United States'),
                                       (79, 'United States'),
                                       (44, 'France'),
                                       (60, 'England'),
                                       (91, 'Netherlands'),
                                       (28, 'Germany'),
                                       (72, 'Germany'),
                                       (14, 'Argentina'),
                                       (70, 'France'),
                                       (88, 'England'),
                                       (85, 'England'),
                                       (53, 'Brazil'),
                                       (94, 'Brazil'),
                                       (64, 'Portugal'),
                                       (9, 'Portugal'),
                                       (97, 'Spain'),
                                       (7, 'Spain'),
                                       (21, 'England'),
                                       (80, 'United States'),
                                       (41, 'Mexico'),
                                       (73, 'Portugal'),
                                       (27, 'Portugal'),
                                       (52, 'Italy'),
                                       (95, 'Netherlands'),
                                       (55, 'England'),
                                       (82, 'Netherlands')
;
INSERT INTO CoachTeam (pid, team) VALUES
                                      (5, 'Spain'),
                                      (84, 'Italy'),
                                      (8, 'Germany'),
                                      (4, 'Portugal'),
                                      (58, 'United States'),
                                      (31, 'France'),
                                      (75, 'Italy'),
                                      (78, 'Mexico'),
                                      (18, 'United States')
;
INSERT INTO PlayerGameInfo (mid, pid, y1, y2, r, pos) VALUES
                                                          (37, 32, 1, 1, 1, 'Attacking Midfielder'),
                                                          (45, 60, 0, 1, 1, 'Centre-back'),
                                                          (47, 25, 1, 1, 1, 'Attacking Midfielder'),
                                                          (39, 61, 1, 0, 1, 'Defensive Midfielder'),
                                                          (47, 44, 1, 0, 1, 'Centre-back'),
                                                          (27, 88, 1, 1, 1, 'Goalkeeper'),
                                                          (32, 27, 0, 0, 0, 'Centre-back'),
                                                          (10, 76, 1, 0, 1, 'Attacking Midfielder'),
                                                          (42, 95, 0, 0, 0, 'Defensive Midfielder'),
                                                          (0, 94, 1, 1, 1, 'Attacking Midfielder'),
                                                          (37, 91, 0, 1, 0, 'Forward'),
                                                          (12, 55, 0, 0, 0, 'Central Midfielder'),
                                                          (37, 37, 0, 0, 1, 'Defensive Midfielder'),
                                                          (43, 68, 1, 0, 1, 'Defensive Midfielder'),
                                                          (4, 27, 1, 1, 0, 'Sweeper'),
                                                          (25, 13, 0, 0, 0, 'Attacking Midfielder'),
                                                          (32, 98, 1, 1, 0, 'Full-back'),
                                                          (45, 52, 0, 0, 1, 'Forward'),
                                                          (25, 27, 1, 1, 0, 'Goalkeeper'),
                                                          (43, 59, 0, 1, 1, 'Sweeper'),
                                                          (25, 54, 0, 1, 1, 'Centre-back'),
                                                          (29, 55, 1, 0, 0, 'Sweeper'),
                                                          (12, 38, 1, 1, 0, 'Attacking Midfielder'),
                                                          (13, 28, 1, 0, 0, 'Centre-back'),
                                                          (17, 82, 0, 0, 1, 'Centre-back'),
                                                          (42, 27, 0, 0, 0, 'Central Midfielder'),
                                                          (22, 76, 1, 1, 1, 'Striker'),
                                                          (8, 25, 1, 0, 0, 'Full-back'),
                                                          (21, 14, 1, 1, 0, 'Sweeper'),
                                                          (26, 68, 1, 1, 0, 'Central Midfielder')
;
INSERT INTO Substitution (pid1, pid2, mid, time) VALUES
                                                     (98, 68, 32, '07:40'),
                                                     (63, 13, 28, '00:20'),
                                                     (44, 56, 31, '08:40'),
                                                     (41, 43, 21, '10:12'),
                                                     (94, 54, 17, '10:20'),
                                                     (29, 60, 37, '00:14'),
                                                     (21, 61, 38, '11:58'),
                                                     (92, 61, 35, '20:47'),
                                                     (16, 53, 19, '16:31'),
                                                     (68, 32, 25, '07:46'),
                                                     (92, 93, 15, '13:12'),
                                                     (54, 61, 35, '02:47'),
                                                     (59, 30, 9, '10:56'),
                                                     (52, 46, 19, '16:31'),
                                                     (11, 82, 34, '15:06')
;
INSERT INTO RefereeGameInfo (pid, mid,role) VALUES
                                                (1, 7, 'Head Referee'),
                                                (24, 45, 'Video Assistant Referee'),
                                                (1, 31, 'Assistant Referee'),
                                                (24, 23, 'Video Assistant Referee'),
                                                (2, 7, 'Head Referee'),
                                                (1, 34, 'Reserve Assistant Referee'),
                                                (2, 47, 'Assistant Referee'),
                                                (40, 35, 'Video Assistant Referee'),
                                                (81, 20, 'Video Assistant Referee'),
                                                (1, 14, 'Fourth Official'),
                                                (40, 42, 'Head Referee'),
                                                (57, 12, 'Reserve Assistant Referee'),
                                                (57, 15, 'Reserve Assistant Referee'),
                                                (1, 23, 'Video Assistant Referee'),
                                                (2, 46, 'Reserve Assistant Referee'),
                                                (86, 7, 'Reserve Assistant Referee'),
                                                (86, 43, 'Assistant Referee'),
                                                (15, 35, 'Fourth Official'),
                                                (2, 26, 'Video Assistant Referee'),
                                                (86, 21, 'Fourth Official')
;
INSERT INTO GoalInfo (mid, time, forTeam, player, penalty) VALUES
                                                               (26, '04:00', 'Portugal', 27, FALSE),
                                                               (28, '00:20', 'Germany', 72, FALSE),
                                                               (10, '17:14', 'United States', 93, FALSE),
                                                               (24, '02:07', 'Brazil', 61, TRUE),
                                                               (38, '11:58', 'Germany', 30, TRUE),
                                                               (19, '16:31', 'Brazil', 54, TRUE),
                                                               (12, '19:24', 'United States', 80, TRUE),
                                                               (45, '07:48', 'Brazil', 53, FALSE),
                                                               (4, '07:48', 'Japan', 53, FALSE),
                                                               (4, '07:49', 'Japan', 53, FALSE),
                                                               (37, '00:14', 'Mexico', 98, TRUE),
                                                               (47, '14:57', 'Portugal', 64, FALSE),
                                                               (20, '05:30', 'Brazil', 61, TRUE),
                                                               (42, '18:11', 'Portugal', 35, TRUE),
                                                               (25, '07:46', 'United States', 93, FALSE),
                                                               (6, '03:31', 'Japan', 55, TRUE),
                                                               (44, '05:28', 'Brazil', 94, FALSE),
                                                               (1, '12:13', 'Japan', 82, TRUE),
                                                               (14, '19:21', 'Portugal', 9, TRUE),
                                                               (41, '05:52', 'United States', 79, TRUE),
                                                               (17, '10:20', 'Netherlands', 82, TRUE),
                                                               (3, '17:46', 'Portugal', 32, FALSE),
                                                               (22, '02:55', 'Portugal', 46, FALSE),
                                                               (5, '09:33', 'United States', 93, FALSE),
                                                               (0, '17:17', 'United States', 76, FALSE),
                                                               (21, '10:12', 'Spain', 32, FALSE),
                                                               (13, '06:40', 'Brazil', 53, FALSE),
							                                   (21, '06:42', 'Spain', 0, True),
							                                   (6, '19:23', 'France', 0, False)
;
INSERT INTO Ticket (tid, price, section, range,seat, mid, stadium) VALUES
                                                                       (0, 1323, 'B190', 'E203', 'H58', 43, 'Santiago Bernabeu'),
                                                                       (1, 3461, 'A144', 'E189', 'A181', 46, 'Emirates Stadium'),
                                                                       (2, 7181, 'B163', 'C13', 'H24', 36, 'San Siro'),
                                                                       (3, 1239, 'B226', 'E224', 'C53', 11, 'Old Trafford'),
                                                                       (4, 8704, 'G248', 'C1', 'D220', 19, 'Santiago Bernabeu'),
                                                                       (5, 9766, 'H188', 'A227', 'C215', 29, 'Old Trafford'),
                                                                       (6, 9093, 'G42', 'F90', 'D5', 32, 'Anfield'),
                                                                       (7, 7876, 'F241', 'G232', 'F133', 5, 'Allianz Arena'),
                                                                       (8, 1807, 'H125', 'F168', 'B227', 22, 'Camp Nou'),
                                                                       (9, 4267, 'F146', 'H95', 'F159', 32, 'Anfield'),
                                                                       (10, 9839, 'E126', 'D149', 'D21', 4, 'Allianz Arena'),
                                                                       (11, 6735, 'E152', 'F48', 'D146', 4, 'Allianz Arena'),
                                                                       (12, 9014, 'C40', 'F205', 'G189', 6, 'Signal Iduna Park'),
                                                                       (13, 3493, 'B127', 'A242', 'E167', 28, 'Santiago Bernabeu'),
                                                                       (14, 3295, 'F250', 'H182', 'H163', 24, 'Old Trafford'),
                                                                       (15, 1301, 'H162', 'G206', 'F214', 39, 'Stamford Bridge'),
                                                                       (16, 6921, 'H105', 'B73', 'E177', 36, 'San Siro'),
                                                                       (17, 498, 'G223', 'H70', 'A77', 41, 'San Siro'),
                                                                       (18, 4650, 'B15', 'H228', 'A37', 34, 'Old Trafford'),
                                                                       (19, 2189, 'C157', 'E242', 'G54', 44, 'Old Trafford'),
                                                                       (20, 8616, 'F235', 'C81', 'F40', 12, 'Anfield'),
                                                                       (21, 2204, 'G203', 'H136', 'C189', 0, 'Anfield'),
                                                                       (22, 6937, 'D165', 'A12', 'F97', 15, 'Emirates Stadium'),
                                                                       (23, 7925, 'B46', 'D188', 'H233', 0, 'Anfield'),
                                                                       (24, 1786, 'D185', 'C223', 'E211', 45, 'Camp Nou'),
                                                                       (25, 5899, 'F32', 'G249', 'B35', 21, 'Santiago Bernabeu'),
                                                                       (26, 4121, 'D186', 'C222', 'C216', 44, 'Old Trafford'),
                                                                       (27, 8467, 'C124', 'D33', 'H34', 19, 'Santiago Bernabeu'),
                                                                       (28, 391, 'D240', 'C199', 'G45', 29, 'Old Trafford'),
                                                                       (29, 2870, 'F82', 'H44', 'C155', 46, 'Emirates Stadium'),
                                                                       (30, 850, 'B5', 'G118', 'G177', 34, 'Old Trafford'),
                                                                       (31, 2853, 'H209', 'B124', 'A229', 41, 'San Siro'),
                                                                       (32, 8999, 'H177', 'H174', 'H127', 2, 'Santiago Bernabeu'),
                                                                       (33, 9481, 'B106', 'B209', 'F70', 17, 'San Siro'),
                                                                       (34, 9878, 'D39', 'F165', 'D31', 32, 'Anfield'),
                                                                       (35, 4626, 'A60', 'A229', 'E177', 36, 'San Siro'),
                                                                       (36, 3138, 'D56', 'E85', 'F47', 36, 'San Siro'),
                                                                       (37, 5389, 'G242', 'E160', 'D98', 46, 'Emirates Stadium'),
                                                                       (38, 9405, 'F65', 'A36', 'F35', 1, 'Anfield'),
                                                                       (39, 6590, 'B248', 'D218', 'A238', 21, 'Santiago Bernabeu'),
                                                                       (40, 7661, 'C225', 'C179', 'H216', 18, 'Stamford Bridge'),
                                                                       (41, 5570, 'D182', 'D173', 'E118', 34, 'Old Trafford'),
                                                                       (42, 4076, 'H100', 'C155', 'E88', 12, 'Anfield'),
                                                                       (43, 3369, 'B187', 'D1', 'C237', 31, 'Etihad Stadium'),
                                                                       (44, 2270, 'F243', 'B7', 'C133', 21, 'Santiago Bernabeu'),
                                                                       (45, 4790, 'A122', 'G72', 'B77', 43, 'Santiago Bernabeu'),
                                                                       (46, 5330, 'F112', 'E52', 'H110', 11, 'Old Trafford'),
                                                                       (47, 4047, 'H166', 'E194', 'A49', 17, 'San Siro'),
                                                                       (48, 4417, 'C55', 'D169', 'A239', 10, 'Old Trafford'),
                                                                       (49, 3677, 'G136', 'D45', 'A191', 22, 'Camp Nou');

INSERT INTO Sales (pid, tid) VALUES
                                 (8, 14),
                                 (67, 49),
                                 (4, 47),
                                 (4, 15),
                                 (7, 13),
                                 (38, 28),
                                 (63, 0),
                                 (97, 6),
                                 (49, 2),
                                 (34, 16),
                                 (62, 12),
                                 (25, 4),
                                 (77, 27),
                                 (59, 22),
                                 (17, 40),
                                 (40, 7),
                                 (94, 5),
                                 (89, 9),
                                 (61, 10),
                                 (38, 42),
                                 (61, 11),
                                 (98, 18),
                                 (5, 17),
                                 (81, 29),
                                 (30, 20),
                                 (42, 41),
                                 (70, 37),
                                 (14, 36),
                                 (70, 48),
                                 (50, 44),
                                 (8, 43),
                                 (49, 21),
                                 (62, 35),
                                 (24, 38),
                                 (42, 8),
                                 (4, 46),
                                 (90, 3),
                                 (94, 34),
                                 (13, 24),
                                 (41, 33),
                                 (61, 32),
                                 (98, 23),
                                 (9, 1),
                                 (50, 39),
                                 (8, 45),
                                 (25, 19),
                                 (20, 30),
                                 (6, 26),
                                 (90, 25),
                                 (9, 31);
